{
 "camera_matrix": [
  [
   4550.583332930169,
   0.0,
   526.9898496654705
  ],
  [
   0.0,
   4560.969653462267,
   393.2428119252054
  ],
  [
   0.0,
   0.0,
   1.0
  ]
 ],
 "dist_coeffs": [
  [
   0.0,
   0.0,
   0.0,
   0.0,
   0.0
  ]
 ],
 "image_size": [
  928,
  928
 ],
 "reprojection_error": 0.02416094673182586,
 "chessboard_width": 12,
 "chessboard_height": 9,
 "square_size": 10.0,
 "rvecs": [
  [
   [
    -3.0939653875660045
   ],
   [
    -0.0076609702700418435
   ],
   [
    0.015041444996708907
   ]
  ],
  [
   [
    -3.0916542439301593
   ],
   [
    0.014796741829388838
   ],
   [
    -0.0022165729476743
   ]
  ],
  [
   [
    -3.0915090373179606
   ],
   [
    0.016275109664331062
   ],
   [
    0.037888264894089904
   ]
  ],
  [
   [
    -3.0989259911612614
   ],
   [
    0.020835393333924365
   ],
   [
    0.028418519974294586
   ]
  ],
  [
   [
    -3.117393079233854
   ],
   [
    0.022552803846838165
   ],
   [
    0.009042435226908403
   ]
  ],
  [
   [
    -3.0369693694058437
   ],
   [
    0.022104418599440893
   ],
   [
    -0.7069548737163317
   ]
  ],
  [
   [
    -3.025901883709478
   ],
   [
    0.023690306374140428
   ],
   [
    -0.7415826219633925
   ]
  ],
  [
   [
    -3.0001314032426984
   ],
   [
    0.02793669945691135
   ],
   [
    -0.8348829169688988
   ]
  ],
  [
   [
    -3.030284836901293
   ],
   [
    0.027772313747815143
   ],
   [
    -0.7199468313915532
   ]
  ],
  [
   [
    -3.0487594212417455
   ],
   [
    0.018775475568707713
   ],
   [
    0.6281354430697219
   ]
  ],
  [
   [
    -3.0203031172355996
   ],
   [
    0.013699704672566483
   ],
   [
    0.7680755990304058
   ]
  ],
  [
   [
    -3.045954598310349
   ],
   [
    0.010773091406339318
   ],
   [
    0.6440761397402834
   ]
  ],
  [
   [
    -3.0941792520408664
   ],
   [
    0.012365448480239542
   ],
   [
    0.010592608630973896
   ]
  ],
  [
   [
    -3.0935392197068037
   ],
   [
    0.014685269451489985
   ],
   [
    0.008134093195653704
   ]
  ],
  [
   [
    -3.0830570076363815
   ],
   [
    0.019990211955067116
   ],
   [
    0.04205190437452322
   ]
  ],
  [
   [
    -3.1290668784790285
   ],
   [
    0.018156906859842833
   ],
   [
    0.029305697298423933
   ]
  ],
  [
   [
    -2.9682368539140236
   ],
   [
    0.028669567711931437
   ],
   [
    -0.9455189648998581
   ]
  ],
  [
   [
    -3.0283929229304167
   ],
   [
    0.028535293770567804
   ],
   [
    -0.728370349550436
   ]
  ],
  [
   [
    3.063959219937341
   ],
   [
    -0.02218581840605644
   ],
   [
    0.8012575953286294
   ]
  ],
  [
   [
    -3.0171615858749736
   ],
   [
    0.02079936223622411
   ],
   [
    -0.7782102218818837
   ]
  ],
  [
   [
    -2.6746638423500926
   ],
   [
    -0.16046650489954273
   ],
   [
    -0.831255314992799
   ]
  ],
  [
   [
    -2.700939826814209
   ],
   [
    -0.1433181901978592
   ],
   [
    -0.7244941362227482
   ]
  ],
  [
   [
    -2.780513620001311
   ],
   [
    -0.039592799134553144
   ],
   [
    -0.08158207792448806
   ]
  ],
  [
   [
    -2.7294896087836897
   ],
   [
    -0.11652357606717696
   ],
   [
    -0.5858404933364519
   ]
  ],
  [
   [
    -2.781066720026478
   ],
   [
    -0.03302427898867949
   ],
   [
    -0.06380160608338001
   ]
  ],
  [
   [
    -2.7348843586643152
   ],
   [
    -0.11183933400762691
   ],
   [
    -0.5564676569203036
   ]
  ],
  [
   [
    -2.783200217350242
   ],
   [
    -0.037102812624020355
   ],
   [
    -0.057806468834556195
   ]
  ],
  [
   [
    2.7795173421515433
   ],
   [
    -0.0027463131158578526
   ],
   [
    0.5044927979004248
   ]
  ],
  [
   [
    2.812577366130139
   ],
   [
    0.06784417964829793
   ],
   [
    0.12457360478853131
   ]
  ],
  [
   [
    2.7628881190435437
   ],
   [
    -0.0108622473455064
   ],
   [
    0.5198894662339805
   ]
  ],
  [
   [
    2.8112057437679856
   ],
   [
    0.06388566622219562
   ],
   [
    0.127009834529304
   ]
  ],
  [
   [
    -0.0725554816899087
   ],
   [
    3.1521223498454534
   ],
   [
    0.04280638563441886
   ]
  ],
  [
   [
    0.16133178476942145
   ],
   [
    -3.114442114835652
   ],
   [
    -0.04974148860081198
   ]
  ],
  [
   [
    -3.0973096086787084
   ],
   [
    -0.3913316902653231
   ],
   [
    -0.03561004070368229
   ]
  ],
  [
   [
    -0.0593006062462223
   ],
   [
    -3.1169514811718
   ],
   [
    -0.05616777852377577
   ]
  ]
 ],