{
  "rvec_new": [
    [
      -3.093965005429481
    ],
    [
      -0.007660988492653651
    ],
    [
      0.015040224071377869
    ]
  ],
  "t_new": [
    [
      -30.125623374782833
    ],
    [
      16.82261847290065
    ],
    [
      1659.8775644910552
    ]
  ],
  "camera_position_world": [
    45.96940786173681,
    95.93411150306251,
    1656.8245358418978
  ],
  "camera_optical_axis_world": [
    -0.009598735534532634,
    -0.04758700657162723,
    -0.9988209754914491
  ],
  "R_world_to_camera": [
    [
      0.9999405117086418,
      0.004718053757708787,
      -0.009834277431445427
    ],
    [
      0.0051804748814531865,
      -0.9988559539664822,
      0.04753888835165748
    ],
    [
      -0.009598735534532634,
      -0.04758700657162723,
      -0.9988209754914491
    ]
  ],
  "camera_intrinsic": [
    [
      4550.583332930169,
      0.0,
      526.9898496654705
    ],
    [
      0.0,
      4560.969653462267,
      393.2428119252054
    ],
    [
      0.0,
      0.0,
      1.0
    ]
  ],
  "camera_distortion": [
    [
      0.0,
      0.0,
      0.0,
      0.0,
      0.0
    ]
  ],
  "camera_reprojection_error_by_set": [
    0.02547154353714493,
    0.024168314973146244,
    0.024704522377138938,
    0.024834072183580486,
    0.0237273115623551,
    0.026490627012292826,
    0.02707812399373483,
    0.024123434103906004,
    0.023615795674814925,
    0.019206913748025228,
    0.02028094887163344,
    0.02047716684263105,
    0.024774123524368457,
    0.0257833739755571,
    0.024835540531306093,
    0.025774376732593977,
    0.021645142597663283,
    0.02308899699253473,
    0.025580087485569697,
    0.024823675006066772,
    0.02133356179233077,
    0.021262896219079893,
    0.026842755039310048,
    0.023632639021527537,
    0.026696166614528564,
    0.02521105128581776,
    0.027490157786787057,
    0.025452629709161442,
    0.024757893365422917,
    0.022212536749307992,
    0.023425056233574274,
    0.027761284993905132,
    0.025504194450183735,
    0.01933482719846075,
    0.024231323694594617
  ],
  "camera_mean_reprojection_error": 0.024160944739430187,
  "projector_position_world": [
    432.16536526705846,
    -67.15627551860005,
    1383.1587382592916
  ],
  "projector_optical_axis_world": [
    -0.285583628504921,
    -0.06496714774289164,
    -0.9561491833621553
  ],
  "R_world_to_projector": [
    [
      0.9577658374102302,
      0.015594822092366994,
      -0.28712610855473847
    ],
    [
      0.03356474072361205,
      -0.9977655392115227,
      0.057769688783097885
    ],
    [
      -0.285583628504921,
      -0.06496714774289164,
      -0.9561491833621553
    ]
  ],
  "projector_intrinsic": [
    [
      2361.027467212339,
      0.0,
      401.3502872189018
    ],
    [
      0.0,
      2457.8274201817007,
      635.9550246438648
    ],
    [
      0.0,
      0.0,
      1.0
    ]
  ],
  "projector_distortion": [
    [
      0.0,
      0.0,
      0.0,
      0.0,
      0.0
    ]
  ],
  "projector_reprojection_error_by_set": [
    0.06634940316452027,
    0.05544473537061752,
    0.06495811749366277,
    0.05987192659382342,
    0.02921528337024701,
    0.07212373571621458,
    0.04190641154330102,
    0.03338516200174048,
    0.03084226926232325,
    0.03802676098860508,
    0.025954744877855825,
    0.04117946824244189,
    0.061806084206294125,
    0.060563356892769656,
    0.08492445619093596,
    0.06382460662339963,
    0.035917500955486646,
    0.10792016896049887,
    0.0538354824651473,
    0.05145559019229739,
    0.038230977956485876,
    0.120560694468978,
    0.027159199753990837,
    0.03087671864984587,
    0.05909652588260392,
    0.06200201112029465,
    0.04179766863552576,
    0.05641793607455369,
    0.04294971814723476,
    0.07721561056612002,
    0.08599593639785447,
    0.04822561176283523,
    0.057273065856527534,
    0.04703929945544099,
    0.05240180911463623
  ],
  "mean_projector_reprojection_error": 0.05504994425586028,
  "R_camera_to_projector": [
    [
      0.9606061165753541,
      -0.024264955052420732,
      0.2768521279570038
    ],
    [
      0.02828710941632602,
      0.9995442375853979,
      -0.010543080702260454
    ],
    [
      -0.27647012178332403,
      0.01795909424580144,
      0.9608546938507322
    ]
  ],
  "t_camera_to_projector": [
    [
      -445.918524482598
    ],
    [
      -159.8789471687764
    ],
    [
      -161.96960331209982
    ]
  ],
  "joint_calibration_rms": 0.26857346959814093
}