{
 "camera_matrix": [
  [
   4513.207920011537,
   0.0,
   546.707241233789
  ],
  [
   0.0,
   4518.294794463839,
   426.3504308992958
  ],
  [
   0.0,
   0.0,
   1.0
  ]
 ],
 "dist_coeffs": [
  [
   0.0,
   0.0,
   0.0,
   0.0,
   0.0
  ]
 ],
 "image_size": [
  928,
  928
 ],
 "reprojection_error": 0.020941372656271304,
 "chessboard_width": 12,
 "chessboard_height": 9,
 "square_size": 10.0,
 "rvecs": [
  [
   [
    -3.0902669022942524
   ],
   [
    -0.0300403300715795
   ],
   [
    -0.0010680548499395366
   ]
  ],
  [
   [
    -3.0890990988951454
   ],
   [
    -0.02856202073108134
   ],
   [
    -0.0012002232790901603
   ]
  ],
  [
   [
    -3.081871852631453
   ],
   [
    -0.02745677247672997
   ],
   [
    0.04975072003788405
   ]
  ],
  [
   [
    -3.0772564532129945
   ],
   [
    -0.02296317026182026
   ],
   [
    0.10364394614536132
   ]
  ],
  [
   [
    -3.1023823043369987
   ],
   [
    -0.027873424798298543
   ],
   [
    -0.010857287010469893
   ]
  ],
  [
   [
    -3.0947287164636754
   ],
   [
    -0.030031881081531386
   ],
   [
    -0.05147920070012196
   ]
  ],
  [
   [
    -3.1175591081023266
   ],
   [
    -0.023227309079846815
   ],
   [
    -0.029061261383419832
   ]
  ],
  [
   [
    -2.939066833047173
   ],
   [
    -0.009868104263167237
   ],
   [
    -1.0238527541360798
   ]
  ],
  [
   [
    -2.9834329518991662
   ],
   [
    -0.03085135009263283
   ],
   [
    0.8353763578754099
   ]
  ],
  [
   [
    -2.968444132667191
   ],
   [
    -0.016279980806842738
   ],
   [
    -0.9300777234312367
   ]
  ],
  [
   [
    -2.9742201373091923
   ],
   [
    -0.0343808556486309
   ],
   [
    0.8658418380345109
   ]
  ],
  [
   [
    -3.0492295887820386
   ],
   [
    -0.03132286533597415
   ],
   [
    0.5476017565324357
   ]
  ],
  [
   [
    -3.0141106091271137
   ],
   [
    -0.019982171261755124
   ],
   [
    -0.7613526547099003
   ]
  ],
  [
   [
    -3.0400924547505617
   ],
   [
    -0.021234271040490187
   ],
   [
    -0.662696433216643
   ]
  ],
  [
   [
    -2.9823153374399243
   ],
   [
    -0.01636144531835369
   ],
   [
    -0.8869362540683488
   ]
  ],
  [
   [
    -2.950593197731152
   ],
   [
    -0.01306294044082999
   ],
   [
    -0.9888041775468585
   ]
  ],
  [
   [
    -2.8317680060684216
   ],
   [
    -1.3104860828601133
   ],
   [
    -0.012883940516473215
   ]
  ],
  [
   [
    2.633588890849085
   ],
   [
    1.2047280404707987
   ],
   [
    0.6516401354000506
   ]
  ],
  [
   [
    2.7974931894346886
   ],
   [
    1.2874349587514446
   ],
   [
    0.27107826742049673
   ]
  ],
  [
   [
    2.4895881546766017
   ],
   [
    1.1993684373193254
   ],
   [
    -0.42025733969515017
   ]
  ],
  [
   [
    2.49730750704806
   ],
   [
    1.2134708048923448
   ],
   [
    -0.45240068899885044
   ]
  ],
  [
   [
    -2.7091408716753067
   ],
   [
    -1.0127319575059013
   ],
   [
    -0.5994340413427589
   ]
  ],
  [
   [
    -2.800056988364018
   ],
   [
    -0.04150215384806982
   ],
   [
    -0.027746680653037266
   ]
  ],
  [
   [
    -2.7478963660068403
   ],
   [
    -0.1198506704672394
   ],
   [
    -0.6007605130143099
   ]
  ],
  [
   [
    -3.108207758459206
   ],
   [
    -0.046309398547474595
   ],
   [
    0.02746941712242026
   ]
  ],
  [
   [
    -3.0665148841183627
   ],
   [
    0.4266843929078926
   ],
   [
    0.03620764988526131
   ]
  ],
  [
   [
    -3.067873880523823
   ],
   [
    0.4297163084708511
   ],
   [
    0.03157534297803312
   ]
  ],
  [
   [
    -3.1170410172898784
   ],
   [
    0.07572916791734742
   ],
   [
    -0.009488136502561577
   ]
  ],
  [
   [
    -3.1081075424116094
   ],
   [
    -0.011979470927548039
   ],
   [
    0.027864265976752324
   ]
  ]
 ],
 "tvecs": [
  [
   [
    -166.6769367781044
   ],
   [
    41.169338877840275
   ],
   [
    1621.9532718214962
   ]
  ],
  [
   [
    -113.79125023852426
   ],
   [
    41.10059468434648
   ],
   [
    1630.5224941844626
   ]
  ],
  [
   [
    -71.03064503335068
   ],
   [
    41.033844412016194
   ],
   [
    1635.2333432227545
   ]
  ],
  [
   [
    14.645730846974184
   ],
   [
    41.18842705669223
   ],
   [
    1632.5269073549719
   ]
  ],
  [
   [
    -84.69612382859304
   ],
   [
    -22.206621216722635
   ],
   [
    1629.3715452535698
   ]
  ],
  [
   [
    -170.41231601500468
   ],
   [
    -22.534513601122004
   ],
   [
    1633.6861539784923
   ]
  ],
  [
   [
    -2.722876922821075
   ],
   [
    -21.97518994671108
   ],
   [
    1625.9183846833466
   ]
  ],
  [
   [
    -10.308507571130342
   ],
   [
    -20.96152317926228
   ],
   [
    1593.8542695399028
   ]
  ],
  [
   [
    7.709883547975002
   ],
   [
    -21.841008381887164
   ],
   [
    1620.999572427518
   ]
  ],
  [
   [
    -67.57769968234062
   ],
   [
    -20.758744474220354
   ],
   [
    1581.8275454864813
   ]
  ],
  [
   [
    -79.5967830713206
   ],
   [
    -22.65218435047904
   ],
   [
    1644.0095751311512
   ]
  ],
  [
   [
    -80.66257586729357
   ],
   [
    -22.367819898783406
   ],
   [
    1635.5057575180904
   ]
  ],
  [
   [
    -148.2035504954442
   ],
   [
    -20.977657684216354
   ],
   [
    1582.3727807360372
   ]
  ],
  [
   [
    -145.83018436859305
   ],
   [
    42.52169262469007
   ],
   [
    1580.869355546674
   ]
  ],
  [
   [
    -74.0603136468489
   ],
   [
    42.87753403587668
   ],
   [
    1575.662105487859
   ]
  ],
  [
   [
    5.857649798010058
   ],
   [
    42.65592383515592
   ],
   [
    1583.9265785179527
   ]
  ],
  [
   [
    -122.4469782115862
   ],
   [
    32.47081788085944
   ],
   [
    1635.556215295737
   ]
  ],
  [
   [
    -102.72242535668934
   ],
   [
    34.3787267137406
   ],
   [
    1576.8690332911845
   ]
  ],
  [
   [
    -9.38985021362549
   ],
   [
    33.37336985244511
   ],
   [
    1614.7303391749474
   ]
  ],
  [
   [
    -57.189953510453265
   ],
   [
    48.407321566270056
   ],
   [
    1606.1312487823106
   ]
  ],
  [
   [
    -127.46932536997691
   ],
   [
    47.75009828988034
   ],
   [
    1621.124598999249
   ]
  ],
  [
   [
    -112.37279170812597
   ],
   [
    31.966628011262777
   ],
   [
    1564.1219847842503
   ]
  ],
  [
   [
    -80.37002472085611
   ],
   [
    -19.54349165370997
   ],
   [
    1602.0634408184296
   ]
  ],
  [
   [
    -39.063640791782305
   ],
   [
    44.87559468088263
   ],
   [
    1574.1965951795096
   ]
  ],
  [
   [
    -74.06668039116063
   ],
   [
    64.68242962587064
   ],
   [
    1649.573067296393
   ]
  ],
  [
   [
    -116.45246866878902
   ],
   [
    117.78609154338157
   ],
   [
    1650.980769696608
   ]
  ],
  [
   [
    -41.52609348967767
   ],
   [
    117.9593994155343
   ],
   [
    1651.4136996187115
   ]
  ],
  [
   [
    -40.07847827346687
   ],
   [
    -8.150141102988659
   ],
   [
    1645.9182688979708
   ]
  ],
  [
   [
    -147.6574789037195
   ],
   [
    -35.31109970325418
   ],
   [
    1647.406257947122
   ]
  ]
 ]
}