{
 "camera_matrix": [
  [
   4548.704845586108,
   0.0,
   521.6614015673099
  ],
  [
   0.0,
   4558.265001155421,
   380.92966175659456
  ],
  [
   0.0,
   0.0,
   1.0
  ]
 ],
 "dist_coeffs": [
  [
   0.0,
   0.0,
   0.0,
   0.0,
   0.0
  ]
 ],
 "image_size": [
  928,
  928
 ],
 "reprojection_error": 0.023969446784744212,
 "chessboard_width": 12,
 "chessboard_height": 9,
 "square_size": 10.0,
 "rvecs": [
  [
   [
    -3.0973554322146786
   ],
   [
    -0.007547999722085919
   ],
   [
    0.01780462458888038
   ]
  ],
  [
   [
    -3.093089621756165
   ],
   [
    0.014944437440247576
   ],
   [
    0.0016870210183959576
   ]
  ],
  [
   [
    -3.093836159786636
   ],
   [
    0.016474376470768236
   ],
   [
    0.041482801365143616
   ]
  ],
  [
   [
    -3.103123533103581
   ],
   [
    0.020938620835633272
   ],
   [
    0.02992105188255281
   ]
  ],
  [
   [
    -3.1209642260819312
   ],
   [
    0.022512878952299697
   ],
   [
    0.006358578893101238
   ]
  ],
  [
   [
    -3.040381714790947
   ],
   [
    0.0213870697345661
   ],
   [
    -0.706174419507628
   ]
  ],
  [
   [
    -3.0290058664682147
   ],
   [
    0.022820309375918613
   ],
   [
    -0.7408646092605494
   ]
  ],
  [
   [
    -3.002930563131875
   ],
   [
    0.026817712555096847
   ],
   [
    -0.834233547886116
   ]
  ],
  [
   [
    -3.032960740787388
   ],
   [
    0.026777397720183123
   ],
   [
    -0.7192912809254144
   ]
  ],
  [
   [
    -3.0512291925606485
   ],
   [
    0.01957789042555141
   ],
   [
    0.6312350370194278
   ]
  ],
  [
   [
    -3.0223645102665717
   ],
   [
    0.014772141694329135
   ],
   [
    0.7709025413057444
   ]
  ],
  [
   [
    -3.0478991911749933
   ],
   [
    0.011774154695964191
   ],
   [
    0.6466319014270447
   ]
  ],
  [
   [
    -3.09453017127478
   ],
   [
    0.012378660234140693
   ],
   [
    0.015297039651219252
   ]
  ],
  [
   [
    -3.094448857216621
   ],
   [
    0.014685789951532285
   ],
   [
    0.014352854845308436
   ]
  ],
  [
   [
    -3.087827054241315
   ],
   [
    0.02005013972625572
   ],
   [
    0.04510072253759359
   ]
  ],
  [
   [
    -3.1267531393776453
   ],
   [
    0.0182701374629076
   ],
   [
    0.028872186514731273
   ]
  ],
  [
   [
    -2.9709930683751926
   ],
   [
    0.027375350835105488
   ],
   [
    -0.9451102949285769
   ]
  ],
  [
   [
    -3.0309479849546523
   ],
   [
    0.027482781200443805
   ],
   [
    -0.7279803213971231
   ]
  ],
  [
   [
    3.061561577067298
   ],
   [
    -0.021155535017507218
   ],
   [
    0.7994610859305704
   ]
  ],
  [
   [
    -3.0204917773463236
   ],
   [
    0.019978713300635942
   ],
   [
    -0.7778777033088881
   ]
  ],
  [
   [
    -2.6779654141586695
   ],
   [
    -0.16130935193846047
   ],
   [
    -0.8302477399304041
   ]
  ],
  [
   [
    -2.7041669213100943
   ],
   [
    -0.14398984791988353
   ],
   [
    -0.7232246508811249
   ]
  ],
  [
   [
    -2.783554812311105
   ],
   [
    -0.03939911790042559
   ],
   [
    -0.07995274479427436
   ]
  ],
  [
   [
    -2.732424407679332
   ],
   [
    -0.11713800731251213
   ],
   [
    -0.5848902517887186
   ]
  ],
  [
   [
    -2.7841614911700474
   ],
   [
    -0.032889453453625775
   ],
   [
    -0.06260965583636759
   ]
  ],
  [
   [
    -2.7379273436558855
   ],
   [
    -0.11243756925286218
   ],
   [
    -0.5557021750486586
   ]
  ],
  [
   [
    -2.786561396622178
   ],
   [
    -0.036914724102560525
   ],
   [
    -0.055987905353511995
   ]
  ],
  [
   [
    2.7769234250396515
   ],
   [
    -0.001944894909788301
   ],
   [
    0.5030085854441099
   ]
  ],
  [
   [
    2.8102704631826403
   ],
   [
    0.06819290028470618
   ],
   [
    0.1230678649437705
   ]
  ],
  [
   [
    2.7608054177623864
   ],
   [
    -0.009852603620574206
   ],
   [
    0.5181642302399557
   ]
  ],
  [
   [
    2.8091209425461394
   ],
   [
    0.06431058524640741
   ],
   [
    0.12518855353617417
   ]
  ],
  [
   [
    -0.07248015133473822
   ],
   [
    3.1537386247613597
   ],
   [
    0.0380566931500114
   ]
  ],
  [
   [
    0.16116430409651658
   ],
   [
    -3.1113856086760308
   ],
   [
    -0.04955797574645768
   ]
  ],
  [
   [
    -3.099467674648878
   ],
   [
    -0.3917151979927564
   ],
   [
    -0.0361326737310059
   ]
  ],
  [
   [
    -0.05948445627311057
   ],
   [
    -3.1152481508501415
   ],
   [
    -0.05353294107491722
   ]
  ],
  [
   [
    -2.274631980802681
   ],
   [
    -2.1129089488281645
   ],
   [
    -0.08965954023402262
   ]
  ],
  [
   [
    -2.6318323231231138
   ],
   [
    -1.6413954668925828
   ],
   [
    -0.07085528461157516
   ]
  ],
  [
   [
    -3.1069466761507747
   ],
   [
    -0.15620982229204308
   ],
   [
    -0.015752166890979042
   ]
  ],
  [
   [
    -3.131685463752982
   ],
   [
    0.00466907032009561
   ],
   [
    -0.03490119318090452
   ]
  ],
  [
   [
    -3.1024228675026597
   ],
   [
    0.19139576878303752
   ],
   [
    0.010855597449235503
   ]
  ]
 ],