{
  "rvec_new": [
    [
      -3.093965005429481
    ],
    [
      -0.007660988492653651
    ],
    [
      0.015040224071377869
    ]
  ],
  "t_new": [
    [
      -30.125623374782833
    ],
    [
      16.82261847290065
    ],
    [
      1659.8775644910552
    ]
  ],
  "camera_position_world": [
    45.96940786173681,
    95.93411150306251,
    1656.8245358418978
  ],
  "camera_optical_axis_world": [
    -0.009598735534532634,
    -0.04758700657162723,
    -0.9988209754914491
  ],
  "R_world_to_camera": [
    [
      0.9999405117086418,
      0.004718053757708787,
      -0.009834277431445427
    ],
    [
      0.0051804748814531865,
      -0.9988559539664822,
      0.04753888835165748
    ],
    [
      -0.009598735534532634,
      -0.04758700657162723,
      -0.9988209754914491
    ]
  ],
  "camera_intrinsic": [
    [
      4550.583332930169,
      0.0,
      526.9898496654705
    ],
    [
      0.0,
      4560.969653462267,
      393.2428119252054
    ],
    [
      0.0,
      0.0,
      1.0
    ]
  ],
  "camera_distortion": [
    [
      0.0,
      0.0,
      0.0,
      0.0,
      0.0
    ]
  ],
  "camera_reprojection_error_by_set": [
    0.02547154353714493,
    0.024168314973146244,
    0.024704522377138938,
    0.024834072183580486,
    0.0237273115623551,
    0.026490627012292826,
    0.02707812399373483,
    0.024123434103906004,
    0.023615795674814925,
    0.019206913748025228,
    0.02028094887163344,
    0.02047716684263105,
    0.024774123524368457,
    0.0257833739755571,
    0.024835540531306093,
    0.025774376732593977,
    0.021645142597663283,
    0.02308899699253473,
    0.025580087485569697,
    0.024823675006066772,
    0.02133356179233077,
    0.021262896219079893,
    0.026842755039310048,
    0.023632639021527537,
    0.026696166614528564,
    0.02521105128581776,
    0.027490157786787057,
    0.025452629709161442,
    0.024757893365422917,
    0.022212536749307992,
    0.023425056233574274,
    0.027761284993905132,
    0.025504194450183735,
    0.01933482719846075,
    0.024231323694594617
  ],
  "camera_mean_reprojection_error": 0.024160944739430187,
  "projector_position_world": [
    440.22532650174855,
    -68.63449884909957,
    1408.5951085156107
  ],
  "projector_optical_axis_world": [
    -0.28696830746303587,
    -0.06666239432590973,
    -0.9556177665230682
  ],
  "R_world_to_projector": [
    [
      0.9573257033834079,
      0.015765081410581507,
      -0.28858094159105624
    ],
    [
      0.03430288840991956,
      -0.9976510348768524,
      0.05929354480786208
    ],
    [
      -0.28696830746303587,
      -0.06666239432590973,
      -0.9556177665230682
    ]
  ],
  "projector_intrinsic": [
    [
      2405.9962372020145,
      0.0,
      397.8692083316259
    ],
    [
      0.0,
      2503.0073079538874,
      645.2089887642941
    ],
    [
      0.0,
      0.0,
      1.0
    ]
  ],
  "projector_distortion": [
    [
      0.0,
      0.0,
      0.0,
      0.0,
      0.0
    ]
  ],
  "projector_reprojection_error_by_set": [
    0.06018983722765187,
    0.05654921636688677,
    0.06133743214265396,
    0.05524456262008816,
    0.03270236166473809,
    0.06456731646322299,
    0.04522934062213904,
    0.03942967647196723,
    0.03727698458555134,
    0.041073521512721464,
    0.030478247427167367,
    0.043049463007371405,
    0.06765551493672067,
    0.05220793163244405,
    0.07757602928742677,
    0.05526036368240822,
    0.030082101255056434,
    0.09963273385016592,
    0.051601118256379926,
    0.05320022972894505,
    0.0430405127086722,
    0.1231039157195955,
    0.030997816516542293,
    0.034233487622433376,
    0.061675135548003766,
    0.05594511827459431,
    0.03728458103385397,
    0.06008840591442595,
    0.04447627251023259,
    0.07393310526635492,
    0.08284948187084752,
    0.046604683123638885,
    0.05647392265310694,
    0.054355295711526204,
    0.05639394824615346
  ],
  "mean_projector_reprojection_error": 0.054737133298905394,
  "R_camera_to_projector": [
    [
      0.9601811192556646,
      -0.02450646083469181,
      0.27830136830834434
    ],
    [
      0.02901076740618226,
      0.9995061306259305,
      -0.012077674266376673
    ],
    [
      -0.27786794273439214,
      0.019670491059910544,
      0.9604178664425285
    ]
  ],
  "t_camera_to_projector": [
    [
      -446.4711689537215
    ],
    [
      -162.98775853633754
    ],
    [
      -135.04403484440073
    ]
  ],
  "joint_calibration_rms": 0.2813689316667665
}