{
 "camera_matrix": [
  [
   4521.035459766419,
   0.0,
   531.3413975005759
  ],
  [
   0.0,
   4526.84027389097,
   433.17004231572304
  ],
  [
   0.0,
   0.0,
   1.0
  ]
 ],
 "dist_coeffs": [
  [
   0.0,
   0.0,
   0.0,
   0.0,
   0.0
  ]
 ],
 "image_size": [
  928,
  928
 ],
 "reprojection_error": 0.01540799722392698,
 "chessboard_width": 12,
 "chessboard_height": 9,
 "square_size": 10.0,
 "rvecs": [
  [
   [
    -3.1008602660304843
   ],
   [
    -0.0020175171507311974
   ],
   [
    0.01101168484574121
   ]
  ],
  [
   [
    -3.107718730589885
   ],
   [
    0.011501205654118205
   ],
   [
    -0.48545940545790783
   ]
  ],
  [
   [
    -2.9187086907451265
   ],
   [
    0.031553753764639036
   ],
   [
    -1.1545117983880697
   ]
  ],
  [
   [
    -3.121717136085231
   ],
   [
    -0.005061473765433267
   ],
   [
    0.022874384034794207
   ]
  ],
  [
   [
    3.1047564589918615
   ],
   [
    -0.0012960321235487068
   ],
   [
    0.07685071451864757
   ]
  ],
  [
   [
    3.0837685091789555
   ],
   [
    -0.014292744765191455
   ],
   [
    0.5792954238764604
   ]
  ],
  [
   [
    2.9497360310131855
   ],
   [
    -0.029909318463338663
   ],
   [
    1.0779331641072314
   ]
  ],
  [
   [
    3.1240417430183127
   ],
   [
    -0.0028037063407923978
   ],
   [
    0.07337818458356493
   ]
  ],
  [
   [
    3.061700859851094
   ],
   [
    -0.02320158831850767
   ],
   [
    0.7049165310625861
   ]
  ],
  [
   [
    2.977080219591937
   ],
   [
    -0.03143940108364363
   ],
   [
    1.0030337001424716
   ]
  ],
  [
   [
    3.0715028863944966
   ],
   [
    -0.020177116578280786
   ],
   [
    0.6571630575426588
   ]
  ],
  [
   [
    3.061021188709358
   ],
   [
    -0.01852910333019996
   ],
   [
    0.7055104958430858
   ]
  ],
  [
   [
    3.124632542080649
   ],
   [
    0.0010888592838166242
   ],
   [
    0.05618871440234865
   ]
  ],
  [
   [
    -3.083871447153242
   ],
   [
    -0.02020415971814229
   ],
   [
    0.5189810278636953
   ]
  ],
  [
   [
    -3.1149092944428434
   ],
   [
    -0.004178848241365242
   ],
   [
    -0.07646014969909042
   ]
  ],
  [
   [
    3.078035616021823
   ],
   [
    -0.014497093432858862
   ],
   [
    0.6393619113894936
   ]
  ],
  [
   [
    -2.8612417160912615
   ],
   [
    0.05872534444009646
   ],
   [
    -0.01383977445649129
   ]
  ],
  [
   [
    -2.858562863911234
   ],
   [
    0.06070654610574505
   ],
   [
    -0.013038498833239454
   ]
  ],
  [
   [
    -2.856390940099034
   ],
   [
    0.057311912833435105
   ],
   [
    -0.06780400390379707
   ]
  ],
  [
   [
    -2.794672542379431
   ],
   [
    -0.006573802438322384
   ],
   [
    -0.6117521678017392
   ]
  ],
  [
   [
    -2.855256024068215
   ],
   [
    0.04856246172235802
   ],
   [
    -0.13416617099677802
   ]
  ],
  [
   [
    -2.8552714983156453
   ],
   [
    0.058990700007695504
   ],
   [
    -0.062202357655301146
   ]
  ],
  [
   [
    -2.612493251742376
   ],
   [
    1.5765169055555635
   ],
   [
    -0.04258363461564474
   ]
  ],
  [
   [
    -2.6193576248959345
   ],
   [
    1.5867974623630747
   ],
   [
    -0.02607505846073832
   ]
  ],
  [
   [
    -2.218322675447648
   ],
   [
    2.218468682243656
   ],
   [
    -0.021151889889608335
   ]
  ],
  [
   [
    -0.5290136166972964
   ],
   [
    3.0943486186230555
   ],
   [
    0.030400140419205104
   ]
  ],
  [
   [
    -0.12363298913703416
   ],
   [
    3.1327726341904523
   ],
   [
    0.02539950620736104
   ]
  ],
  [
   [
    0.4358432418233335
   ],
   [
    3.08521061887901
   ],
   [
    0.019453515473396018
   ]
  ],
  [
   [
    -3.0492004976852765
   ],
   [
    0.49879804948254863
   ],
   [
    0.008339778790311997
   ]
  ]
 ],
 "tvecs": [
  [
   [
    -87.85392389992276
   ],
   [
    40.60559238924499
   ],
   [
    1654.526142290285
   ]
  ],
  [
   [
    -158.67196090802082
   ],
   [
    41.137691740407654
   ],
   [
    1588.8156157605285
   ]
  ],
  [
   [
    -164.95745711437152
   ],
   [
    42.61370496080926
   ],
   [
    1542.038695231701
   ]
  ],
  [
   [
    -174.26270039509308
   ],
   [
    40.13420498540995
   ],
   [
    1619.6943536386666
   ]
  ],
  [
   [
    -74.24425177975661
   ],
   [
    40.20481716298537
   ],
   [
    1618.1566019993834
   ]
  ],
  [
   [
    -80.34921462338407
   ],
   [
    41.474886932896226
   ],
   [
    1580.1769869480645
   ]
  ],
  [
   [
    -80.93720974738646
   ],
   [
    42.52000712498599
   ],
   [
    1546.9918703467722
   ]
  ],
  [
   [
    -18.068053072553553
   ],
   [
    40.29657494784128
   ],
   [
    1619.518545005004
   ]
  ],
  [
   [
    21.54033776869353
   ],
   [
    41.79002471431441
   ],
   [
    1572.7157596265201
   ]
  ],
  [
   [
    23.916463223625765
   ],
   [
    42.44623705917704
   ],
   [
    1550.8153592121316
   ]
  ],
  [
   [
    32.56046163737255
   ],
   [
    -29.857990625331958
   ],
   [
    1577.227528443468
   ]
  ],
  [
   [
    -49.08341705032428
   ],
   [
    -29.63528244786082
   ],
   [
    1571.5813959931568
   ]
  ],
  [
   [
    -64.9019861490211
   ],
   [
    -31.168659899986125
   ],
   [
    1620.1931159229046
   ]
  ],
  [
   [
    -58.98080404603935
   ],
   [
    -31.432625871085293
   ],
   [
    1622.7247426572649
   ]
  ],
  [
   [
    -180.08891934578278
   ],
   [
    -31.269574706033936
   ],
   [
    1615.836664385435
   ]
  ],
  [
   [
    -162.93034930041642
   ],
   [
    -29.58604673954432
   ],
   [
    1565.144322622442
   ]
  ],
  [
   [
    -163.17022001195772
   ],
   [
    -27.25819576620605
   ],
   [
    1591.9184307323835
   ]
  ],
  [
   [
    -71.98269141839263
   ],
   [
    -26.892558892768424
   ],
   [
    1584.3149280687087
   ]
  ],
  [
   [
    0.079345483000432
   ],
   [
    -26.98522435232934
   ],
   [
    1588.1878323291448
   ]
  ],
  [
   [
    -177.5537567394882
   ],
   [
    44.91890468509673
   ],
   [
    1571.5706760372912
   ]
  ],
  [
   [
    -74.56956860888089
   ],
   [
    44.06250785355229
   ],
   [
    1601.5678867156241
   ]
  ],
  [
   [
    7.301429293071853
   ],
   [
    43.96310841867322
   ],
   [
    1603.5634094125683
   ]
  ],
  [
   [
    -99.16006113526403
   ],
   [
    138.5453850564396
   ],
   [
    1614.908401930797
   ]
  ],
  [
   [
    40.83608907904546
   ],
   [
    138.42647703035422
   ],
   [
    1618.9266477870624
   ]
  ],
  [
   [
    -97.54219584257336
   ],
   [
    -13.54904916551598
   ],
   [
    1647.8553846959521
   ]
  ],
  [
   [
    -18.246569879049183
   ],
   [
    57.38038785146794
   ],
   [
    1651.0249009839356
   ]
  ],
  [
   [
    50.04272524425054
   ],
   [
    -38.337265758957436
   ],
   [
    1649.3396682734024
   ]
  ],
  [
   [
    103.56714168169478
   ],
   [
    -147.99851104923374
   ],
   [
    1648.8279793780287
   ]
  ],
  [
   [
    -16.313450794960822
   ],
   [
    161.19087946139967
   ],
   [
    1654.6523348924181
   ]
  ]
 ]
}