{
  "rvec_new": [
    [
      -3.1008607667519645
    ],
    [
      -0.002017513854556186
    ],
    [
      0.011011505252105357
    ]
  ],
  "t_new": [
    [
      -32.80911039702467
    ],
    [
      0.7182593967841768
    ],
    [
      1652.5089408840831
    ]
  ],
  "camera_position_world": [
    44.49493252031799,
    68.02062189723803,
    1650.834985484668
  ],
  "camera_optical_axis_world": [
    -0.007072709122466031,
    -0.040704787472839565,
    -0.999146184030375
  ],
  "R_world_to_camera": [
    [
      0.999973943700788,
      0.0011561735809465133,
      -0.007125670645126138
    ],
    [
      0.0014452353306907537,
      -0.9991705477742234,
      0.04069554957728472
    ],
    [
      -0.007072709122466031,
      -0.040704787472839565,
      -0.999146184030375
    ]
  ],
  "camera_intrinsic": [
    [
      4521.035459766419,
      0.0,
      531.3413975005759
    ],
    [
      0.0,
      4526.84027389097,
      433.17004231572304
    ],
    [
      0.0,
      0.0,
      1.0
    ]
  ],
  "camera_distortion": [
    [
      0.0,
      0.0,
      0.0,
      0.0,
      0.0
    ]
  ],
  "camera_reprojection_error_by_set": [
    