{
  "rvec_new": [
    [
      -3.090266902797619
    ],
    [
      -0.030040330059483405
    ],
    [
      -0.0010680550130159488
    ]
  ],
  "t_new": [
    [
      -110.90953623927008
    ],
    [
      2.2967994084034657
    ],
    [
      1619.9726880560047
    ]
  ],
  "camera_position_world": [
    108.9194673464182,
    87.30849650951215,
    1617.755076219497
  ],
  "camera_optical_axis_world": [
    0.0011879933822150804,
    -0.051148085054498325,
    -0.9986903734726702
  ],
  "R_world_to_camera": [
    [
      0.9998109091375873,
      0.01944501344235945,
      0.0001934468852587964
    ],
    [
      0.01940965329919031,
      -0.9985017600622866,
      0.05116151396627123
    ],
    [
      0.0011879933822150804,
      -0.051148085054498325,
      -0.9986903734726702
    ]
  ],
  "camera_intrinsic": [
    [
      4513.207920011537,
      0.0,
      546.707241233789
    ],
    [
      0.0,
      4518.294794463839,
      426.3504308992958
    ],
    [
      0.0,
      0.0,
      1.0
    ]
  ],
  "camera_distortion": [
    [
      0.0,
      0.0,
      0.0,
      0.0,
      0.0
    ]
  ],
  "camera_reprojection_error_by_set": [
    0.02233500066162452,
    0.023969089887571435,
    0.02299436671828528,
    0.02174985865906577,
    0.02411884022592983,
    0.023598116469325275,
    0.024573656943528182,
    0.023776305957859133,
    0.02146061423989591,
    0.023024466881749927,
    0.021711093704613556,
    0.022031017191466922,
    0.02513073874604082,
    0.026818187124658464,
    0.024532248955121252,
    0.021271726404861656,
    0.013700846700936428,
    0.015060868964213985,
    0.01388685878212134,
    0.013622667204612304,
    0.013593498538375224,
    0.015463268912379353,
    0.02610429310251448,
    0.02112378692192604,
    0.02399734690540424,
    0.014691290356404915,
    0.015624437463373407,
    0.024366774039129305,
    0.022968407280739716
  ],
  "camera_mean_reprojection_error": 0.02094136806702512,
  "projector_position_world": [
    505.8981609933085,
    -69.32710042123334,
    1380.1225919695646
  ],
  "projector_optical_axis_world": [
    -0.28285250989893923,
    -0.08077161906003005,
    -0.9557564560065979
  ],
  "R_world_to_projector": [
    [
      0.9577357939551133,
      0.030562383691010712,
      -0.28602113502378135
    ],
    [
      0.05231258568489253,
      -0.9962639641468243,
      0.06871322377400105
    ],
    [
      -0.28285250989893923,
      -0.08077161906003005,
      -0.9557564560065979
    ]
  ],
  "projector_intrinsic": [
    [
      2386.0055100203936,
      0.0,
      248.06286002509478
    ],
    [
      0.0,
      2482.4254976091,
      548.7977517663371
    ],
    [
      0.0,
      0.0,
      1.0
    ]
  ],
  "projector_distortion": [
    [
      0.0,
      0.0,
      0.0,
      0.0,
      0.0
    ]
  ],
  "projector_reprojection_error_by_set": [
    0.0565386514666998,
    0.04710537921579312,
    0.06763770998458664,
    0.12669742014715923,
    0.03841023494235014,
    0.09606455380262527,
    0.08176709813322632,
    0.038360607761096434,
    0.060958724827714965,
    0.0308449944072747,
    0.03289006460174891,
    0.037377483130372285,
    0.0864317436964422,
    0.08185003767129413,
    0.05368591613223788,
    0.045596064698724965,
    0.052592424743493786,
    0.040574912921738045,
    0.0693448920899609,
    0.048930725927593184,
    0.08946617440226472,
    0.08062722666859033,
    0.03031927751936476,
    0.03480206180052606,
    0.08425705989202058,
    0.0675616085382862,
    0.08939361532998555,
    0.04237022612617242,
    0.05778620827865444
  ],
  "mean_projector_reprojection_error": 0.061042865477862,
  "R_camera_to_projector": [
    [
      0.9580936509318846,
      -0.026560548488447543,
      0.2852211305426104
    ],
    [
      0.032943620037092204,
      0.9993021633963439,
      -0.017604094132854627
    ],
    [
      -0.28455451840177076,
      0.026262587370240894,
      0.9583000587299141
    ]
  ],
  "t_camera_to_projector": [
    [
      -443.3814599937866
    ],
    [
      -160.48888858497094
    ],
    [
      -127.48407187086458
    ]
  ],
  "joint_calibration_rms": 0.2690014202200022
}