{
  "rvec_new": [
    [
      -3.0902668792218924
    ],
    [
      -0.030040331220195574
    ],
    [
      -0.0010681048981232698
    ]
  ],
  "t_new": [
    [
      -110.9095396777133
    ],
    [
      2.296733343836884
    ],
    [
      1619.9726555683862
    ]
  ],
  "camera_position_world": [
    108.91941942305193,
    87.30846671998266,
    1617.7550486635532
  ],
  "camera_optical_axis_world": [
    0.0011880258997545186,
    -0.05114810825416722,
    -0.9986903722458135
  ],
  "R_world_to_camera": [
    [
      0.9998109090979251,
      0.01944501516315466,
      0.0001934788996332975
    ],
    [
      0.019409653351913074,
      -0.9985017588403762,
      0.05116153779387298
    ],
    [
      0.0011880258997545186,
      -0.05114810825416722,
      -0.9986903722458135
    ]
  ],
  "camera_intrinsic": [
    [
      4513.207818521938,
      0.0,
      546.7072501277439
    ],
    [
      0.0,
      4518.2947020330585,
      426.35061519284517
    ],
    [
      0.0,
      0.0,
      1.0
    ]
  ],
  "camera_distortion": [
    [
      0.0,
      0.0,
      0.0,
      0.0,
      0.0
    ]
  ],
  "camera_reprojection_error_by_set": [
    0.02233500066162452,
    0.023969165029395587,
    0.02299436671828528,
    0.02174985865906577,
    0.024118864174218664,
    0.023598116469325275,
    0.024573656943528182,
    0.023776305957859133,
    0.021460600463984552,
    0.023024466881749927,
    0.021711093704613556,
    0.022031074860447107,
    0.025130733220059362,
    0.026818187124658464,
    0.024532248955121252,
    0.02127171381522874,
    0.01370087441504786,
    0.015060860240516408,
    0.01388685878212134,
    0.013622667204612304,
    0.013593498538375224,
    0.015463268912379353,
    0.02610429310251448,
    0.02112377187034049,
    0.023997363575072782,
    0.014691387350277562,
    0.015624437463373407,
    0.024366761119384402,
    0.022968423158029556
  ],
  "camera_mean_reprojection_error": 0.020941376530041737,
  "projector_position_world": [
    505.898123113891,
    -69.32712390802867,
    1380.122607171821
  ],
  "projector_optical_axis_world": [
    -0.2828524696105024,
    -0.08077161061956457,
    -0.9557564686431168
  ],
  "R_world_to_projector": [
    [
      0.957735805832409,
      0.030562389635053994,
      -0.2860210946177585
    ],
    [
      0.05231258607434143,
      -0.9962639646487856,
      0.0687132161996368
    ],
    [
      -0.2828524696105024,
      -0.08077161061956457,
      -0.9557564686431168
    ]
  ],
  "projector_intrinsic": [
    [
      2386.005509173296,
      0.0,
      248.0628928911249
    ],
    [
      0.0,
      2482.425495851191,
      548.7977725391628
    ],
    [
      0.0,
      0.0,
      1.0
    ]
  ],
  "projector_distortion": [
    [
      0.0,
      0.0,
      0.0,
      0.0,
      0.0
    ]
  ],
  "projector_reprojection_error_by_set": [
    0.0565386301566665,
    0.04710542075171861,
    0.06763789915890206,
    0.12669767940383744,
    0.03840928040937883,
    0.09606466000712043,
    0.0817670136431104,
    0.03836053421471308,
    0.060958438668089775,
    0.03084501769074997,
    0.03288991852518625,
    0.037377380098795925,
    0.0864321012942218,
    0.08185000893307924,
    0.05368591613223788,
    0.045596215976390846,
    0.052592267845291904,
    0.04057480410340118,
    0.06934501077194391,
    0.04893104577618713,
    0.08946586681649127,
    0.08062707284845176,
    0.030319288202166655,
    0.03480206366319984,
    0.08425724837867933,
    0.06756178166047795,
    0.08939383212224582,
    0.042370046130086624,
    0.057786313333428777
  ],
  "mean_projector_reprojection_error": 0.06104285367987073,
  "R_camera_to_projector": [
    [
      0.9580936537881526,
      -0.026560558853175473,
      0.28522111998285565
    ],
    [
      0.032943620898611144,
      0.99930216394028,
      -0.01760406164390098
    ],
    [
      -0.28455450868499016,
      0.026262556190909454,
      0.9583000624696646
    ]
  ],
  "t_camera_to_projector": [
    [
      -443.38145175831664
    ],
    [
      -160.48888780240534
    ],
    [
      -127.48404532882121
    ]
  ],
  "joint_calibration_rms": 0.269001432027192
}