{
  "rvec_new": [
    [
      -3.1008607667519645
    ],
    [
      -0.002017513854556186
    ],
    [
      0.011011505252105357
    ]
  ],
  "t_new": [
    [
      -32.80911039702467
    ],
    [
      0.7182593967841768
    ],
    [
      1652.5089408840831
    ]
  ],
  "camera_position_world": [
    44.49493252031799,
    68.02062189723803,
    1650.834985484668
  ],
  "camera_optical_axis_world": [
    -0.007072709122466031,
    -0.040704787472839565,
    -0.999146184030375
  ],
  "R_world_to_camera": [
    [
      0.999973943700788,
      0.0011561735809465133,
      -0.007125670645126138
    ],
    [
      0.0014452353306907537,
      -0.9991705477742234,
      0.04069554957728472
    ],
    [
      -0.007072709122466031,
      -0.040704787472839565,
      -0.999146184030375
    ]
  ],
  "camera_intrinsic": [
    [
      4521.035459766419,
      0.0,
      531.3413975005759
    ],
    [
      0.0,
      4526.84027389097,
      433.17004231572304
    ],
    [
      0.0,
      0.0,
      1.0
    ]
  ],
  "camera_distortion": [
    [
      0.0,
      0.0,
      0.0,
      0.0,
      0.0
    ]
  ],
  "camera_reprojection_error_by_set": [
    0.016461367573453903,
    0.016994168304453564,
    0.015157956090786032,
    0.01697427787298125,
    0.012639262268351008,
    0.015646888346072033,
    0.015150022845481063,
    0.013724478371741795,
    0.015578219998212232,
    0.014771101267124213,
    0.01683274955962499,
    0.016610545762816984,
    0.015214661427771314,
    0.015536955899847393,
    0.015394939103130244,
    0.018126632327880914,
    0.016587924102465908,
    0.016165711533838112,
    0.01750734097414163,
    0.016168656035650892,
    0.015850150713707552,
    0.015635056833322246,
    0.012591319669124537,
    0.012411549942395463,
    0.01938700907081043,
    0.012546677820243034,
    0.016213536117672237,
    0.01285437659871087,
    0.012099676181510574
  ],
  "camera_mean_reprojection_error": 0.015408041814252496,
  "projector_position_world": [
    421.317680703306,
    -88.87853495242052,
    1375.717017332894
  ],
  "projector_optical_axis_world": [
    -0.2857627578133437,
    -0.05560283182364323,
    -0.9566859314007412
  ],
  "R_world_to_projector": [
    [
      0.9577850974737555,
      0.016162537957563745,
      -0.2870304503427423
    ],
    [
      0.03142217853840377,
      -0.9983221411247785,
      0.048636912278008745
    ],
    [
      -0.2857627578133437,
      -0.05560283182364323,
      -0.9566859314007412
    ]
  ],
  "projector_intrinsic": [
    [
      2335.5986814028884,
      0.0,
      386.38121711330706
    ],
    [
      0.0,
      2431.164064277646,
      644.9153366032174
    ],
    [
      0.0,
      0.0,
      1.0
    ]
  ],
  "projector_distortion": [
    [
      0.0,
      0.0,
      0.0,
      0.0,
      0.0
    ]
  ],
  "projector_reprojection_error_by_set": [
    0.074262905287304,
    0.0649249376567047,
    0.04926281194142241,
    0.039375960703882947,
    0.09838364177068809,
    0.04104042611781912,
    0.04078278461401448,
    0.05457780470802104,
    0.022476273615434264,
    0.03149686209602276,
    0.02856616867158447,
    0.04248056195340345,
    0.07263111396391742,
    0.03052221691526822,
    0.09744769148189902,
    0.022372519817937857,
    0.07706420888576646,
    0.029307958259604215,
    0.0510247077472194,
    0.1636742780815012,
    0.035449008015926375,
    0.044725768202581166,
    0.03267391859444127,
    0.05076079533231179,
    0.07723523045290077,
    0.0427988098797324,
    0.043626477236979294,
    0.09131625127326537,
    0.0473325523080471
  ],
  "mean_projector_reprojection_error": 0.05508947053743452,
  "R_camera_to_projector": [
    [
      0.9598241122923284,
      -0.026445768964515913,
      0.279353351091622
    ],
    [
      0.029920555489786504,
      0.9995187989202672,
      -0.008181134650474601
    ],
    [
      -0.2790025695606157,
      0.016210857746030486,
      0.9601535159909126
    ]
  ],
  "t_camera_to_projector": [
    [
      -437.3465583166637
    ],
    [
      -155.09560539445957
    ],
    [
      -164.24361931036833
    ]
  ],
  "joint_calibration_rms": 0.2176568454506575
}