{
  "rvec_new": [
    [
      -3.0973554322146786
    ],
    [
      -0.007547999722085919
    ],
    [
      0.01780462458888038
    ]
  ],
  "t_new": [
    [
      -28.181507019107237
    ],
    [
      21.304884328661416
    ],
    [
      1659.0873646457626
    ]
  ],
  "camera_position_world": [
    46.955492061247426,
    94.7284191761578,
    1656.0919924107536
  ],
  "camera_optical_axis_world": [
    -0.011382987768406417,
    -0.044189624701728686,
    -0.9989583097698245
  ],
  "R_world_to_camera": [
    [
      0.9999220773146861,
      0.004617411969245345,
      -0.011598224234319101
    ],
    [
      0.005125123232429343,
      -0.9990124907004049,
      0.044133621383541294
    ],
    [
      -0.011382987768406417,
      -0.044189624701728686,
      -0.9989583097698245
    ]
  ],
  "camera_intrinsic": [
    [
      4548.704845586108,
      0.0,
      521.6614015673099
    ],
    [
      0.0,
      4558.265001155421,
      380.92966175659456
    ],
    [
      0.0,
      0.0,
      1.0
    ]
  ],
  "camera_distortion": [
    [
      0.0,
      0.0,
      0.0,
      0.0,
      0.0
    ]
  ],
  "camera_reprojection_error_by_set": [
    0.025505162842410733,
    0.024195076302328936,
    0.024747723455936423,
    0.02478403123978603,
    0.02364562446661555,
    0.026518223736504164,
    0.02709341492910409,
    0.02416012038387399,
    0.02362482756867301,
    0.01913120803764932,
    0.020307854322153696,
    0.02045684463949436,
    0.02476821516673109,
    0.025844711657010674,
    0.024754674072631634,
    0.02571040650358837,
    0.021624601288449414,
    0.023163491695351764,
    0.025485571533926395,
    0.024824512394906177,
    0.021328264015745498,
    0.021292741441774066,
    0.02684373869230602,
    0.02366496352763263,
    0.02672593747733423,
    0.025199441479192966,
    0.027488024007008886,
    0.02547713515427042,
    0.02475096260859264,
    0.022236378837015028,
    0.023413049785176575,
    0.027877489339421246,
    0.02556701485665006,
    0.019455580760716778,
    0.02425032343778921,
    0.025814601798131078,
    0.01407204658479317,
    0.025167618158089794,
    0.025623000174989134,
    0.02218326301601323
  ],
  "camera_mean_reprojection_error": 0.023969446784744212,
  "projector_position_world": [
    431.258334444503,
    -66.10876884321091,
    1375.9937063459874
  ],
  "projector_optical_axis_world": [
    -0.2879762261155662,
    -0.06105949816889257,
    -0.9556889822926699
  ],
  "R_world_to_projector": [
    [
      0.957087692716067,
      0.015462959231735593,
      -0.28938563430694536
    ],
    [
      0.0324475213794792,
      -0.998014345876431,
      0.053986329576732224
    ],
    [
      -0.2879762261155662,
      -0.06105949816889257,
      -0.9556889822926699
    ]
  ],
  "projector_intrinsic": [
    [
      2351.165879862428,
      0.0,
      397.5685409194728
    ],
    [
      0.0,
      2447.452750473561,
      623.5773335456765
    ],
    [
      0.0,
      0.0,
      1.0
    ]
  ],
  "projector_distortion": [
    [
      0.0,
      0.0,
      0.0,
      0.0,
      0.0
    ]
  ],
  "projector_reprojection_error_by_set": [
    0.08744032662338858,
    0.09031504053453537,
    0.09596159509286774,
    0.07491506645206165,
    0.0395218698342581,
    0.042721353762183556,
    0.02748826334375525,
    0.02868749202280702,
    0.02863897788967588,
    0.036653512013518595,
    0.03368776224696542,
    0.03280214152679133,
    0.11073613981016973,
    0.1023681882237678,
    0.10986616502831363,
    0.08719258950861482,
    0.07425806004694875,
    0.1463191430490445,
    0.10013981149814234,
    0.10117494410272351,
    0.029073560761927072,
    0.096117037581146,
    0.03811296849905809,
    0.027853589429881503,
    0.06625622910081942,
    0.09226854312961796,
    0.06577217897427741,
    0.0892981253221449,
    0.058800433228266294,
    0.0921388540481278,
    0.09605332644302739,
    0.053006406356594475,
    0.1003801439736842,
    0.0514828735226744,
    0.0799052805868769,
    0.11185979092042132,
    0.07666147869480923,
    0.16079010055931472,
    0.046027412711843664,
    0.09357792448264535
  ],
  "mean_projector_reprojection_error": 0.07440811752344227,
  "R_camera_to_projector": [
    [
      0.9604408722028885,
      -0.023314133064622353,
      0.27750636425422687
    ],
    [
      0.027210604039334323,
      0.9995777072038321,
      -0.01019756289240609
    ],
    [
      -0.2771514279775032,
      0.017345271994843373,
      0.9606696765847539
    ]
  ],
  "t_camera_to_projector": [
    [
      -446.38092202066633
    ],
    [
      -157.86601730280987
    ],
    [
      -166.8374017035006
    ]
  ],
  "joint_calibration_rms": 0.2925086602372973
}